Vendor,Country,Name 1,Name 2,Name 3,Name 4,City,District,PO Box,P.O. Box Postal Code,Postal Code,Region,Search term,Street,Address,Name 1,Name 2,City,Title,Train station,Int. location no. 1,Int. location no. 2,Authorization Group,Industry,Check digit,Data line,DME indicator,Instruction key,Created on,Created by,PBC/ISR number,Group key,Account group,Customer,Alternative Payee,Central deletion flag,Central posting block,Central purchasing block,Language Key,Tax Number 1,Tax Number 2,Sales equalizatn tax,Liable for VAT,Telebox number,Telephone 1,Telephone 2,Fax Number,Teletex number,Telex number,One-time account,Payee in Document,Trading Partner No.,Fiscal address,VAT Registration No.,Natural Person,Block Function,Place of birth,Date of Birth,Sex,Credit Information Number,Last External Review,Actual QM System,Reference Acct Group,P.O. Box city,Plant,Vendor sub-range relevant,Plant level relevant,Factory Calendar,Status of Data Transfer to Next Release,Tax Jurisdiction,Payment block,SCAC,Carrier freight grp,Transportation Zone,Accts for Alt. Payee,ServAgntProcGrp,Tax type,Tax number type,Social Insurance,Social Ins. Code,Tax Number 3,Tax Number 4,Tax Number 5,Tax split,Tax Base,Profession,"Stat. grp, service agent",Ext. manufacturer,URL,Name of Representative,Type of Business,Type of Industry,Confirmation status,Confirmation date,Confirmation time,Central del.block,QM System Valid To,Relevant for POD,Tax Office Responsible,Tax Number at Responsible Tax Authority,Carrier confirmation expected,Micro Company,Terms of Liability,CRC number,Business Purpose Completed Flag,RG Number,Issued by,State,RG Issuing Date,RIC Number,Foreign National Registration,RNE Issuing Date,CNAE,Legal Nature,CRT Number,ICMS Taxpayer,Industry Main Type,Tax Declaration Type,Company Size,Declaration Regimen for PIS/COFINS,Dataelement Exstensibility for Supplier,Capital Amount,Currency,Agency Location Code,Payment Office,PPA Relevant,Processor group,SLAPrepr.Proced,Name 1,Name 2,Name 3,First Name,Title,House number,Street,Date limit: Ext. ID,Annual repetition,Street,House Number,Postal Code,City,Country Key,Business Type,Prtnr's Trading Name,Partner's UTR,Verification Status,Verification Number,Tax Status,Companies House Registration Number,ECC No.,Excise Registration No.,Excise Range,Excise Division,Excise Commissionerate,CST number,LST number,Permanent account number,Exc.Tax Ind. Vendor,SSI status,Type of Vendor,CENVAT Scheme Participant,(Obsolete) Last Changed On ? do not use,(Obsolete) Changed by the user,Service Tax Registration Number,PAN Reference Number,PAN Valid From Date,Vendor for customs,Deductee Reference Number,GST Vendor Classification,Public entity,Deed public use,Social Sec.certificate valid.,Social Sec.certif.submission,CAE code,Absence of debt,Transportation Chain,Staging Time,Scheduling Procedure,CD: Relevant for Collective Numbering
3,US,Vendor S4H,,,,Sanford,,,,32771,FL,,,25785,VENDOR S4H,,SANFORD,,,0,0,,,0,,,,4/7/2022,BASIS001,,,KRED,,,,,,,,,,,,,,,,,,,,,,,,,,,,,,,,,,,,X,,,,,,,,,,,,,,,,0,,,,,,,,,,12:00:00 AM,,,,,,,,,,,,,,,0,,,,0,,,,,,,,0.00,,,,,,,,,,,,,,,,,,,,,,,,,,,,,,,,,,,,,,,,,,,,,,,,,,,,0,,,0,,
4,US,BP Contact,,,,,,,,,,,,25807,BP CONTACT,,,,,0,0,,,0,,,,4/7/2022,BASIS001,,,KRED,,,,,,,,,,,,,,,,,,,,,,X,,,,,,,,,,,,,,X,,,,,,,,,,,,,,,,0,,,,,,,,,,12:00:00 AM,,,,,,,,,,,,,,,0,,,,0,,,,,,,,0.00,,,,,,,,,,,,,,,,,,,,,,,,,,,,,,,,,,,,,,,,,,,,,,,,,,,,0,,,0,,
5,US,CP,,,,,,,,,,,,25809,CP,,,,,0,0,,,0,,,,4/7/2022,BASIS001,,,KRED,,,,,,,,,,,,,,,,,,,,,,X,,,,,,,,,,,,,,X,,,,,,,,,,,,,,,,0,,,,,,,,,,12:00:00 AM,,,,,,,,,,,,,,,0,,,,0,,,,,,,,0.00,,,,,,,,,,,,,,,,,,,,,,,,,,,,,,,,,,,,,,,,,,,,,,,,,,,,0,,,0,,
6,US,cp1,,,,Sanford,,,,32771,FL,,,25811,CP1,,SANFORD,,,0,0,,,0,,,,4/7/2022,BASIS001,,,KRED,,,,,,EN,,,,,,,,,,,,,,,,X,,,,,,,,,,,,,,X,,,,,,,,,,,,,,,,0,,,,,,,,,,12:00:00 AM,,,,,,,,,,,,,,,0,,,,0,,,,,,,,0.00,,,,,,,,,,,,,,,,,,,,,,,,,,,,,,,,,,,,,,,,,,,,,,,,,,,,0,,,0,,
7,US,BP Relationship,,,,,,,,,FL,,,25813,BP RELATIONSHIP,,,,,0,0,,,0,,,,4/7/2022,BASIS001,,,KRED,,,,,,,,,,,,,,,,,,,,,,X,,,,,,,,,,,,,,X,,,,,,,,,,,,,,,,0,,,,,,,,,,12:00:00 AM,,,,,,,,,,,,,,,0,,,,0,,,,,,,,0.00,,,,,,,,,,,,,,,,,,,,,,,,,,,,,,,,,,,,,,,,,,,,,,,,,,,,0,,,0,,
9,US,SAP SE,,,,Sanford,,,,32771,FL,IMPORT EXA,International Pwky,25819,SAP SE,,SANFORD,Company,,0,0,,,0,,,,4/8/2022,RSIRGA,,,KRED,,,,,,,,,,,,,,,,,,,,,,,,,,,,,,,,,,,,X,,,,,,,,,,,,,,,,0,,,,,,,,,,12:00:00 AM,,,,,,,,,,,,,,,0,,,,0,,,,,,,,0.00,,,,,,,,,,,,,,,,,,,,,,,,,,,,,,,,,,,,,,,,,,,,,,,,,,,,0,,,0,,
10,US,SAP SE,,,,Sanford,,,,32771,FL,IMPORT EXA,International Pwky,25823,SAP SE,,SANFORD,Company,,0,0,,,0,,,,4/8/2022,RSIRGA,,,KRED,,,,,,,,,,,,,,,,,,,,,,,,,,,,,,,,,,,,X,,,,,,,,,,,,,,,,0,,,,,,,,,,12:00:00 AM,,,,,,,,,,,,,,,0,,,,0,,,,,,,,0.00,,,,,,,,,,,,,,,,,,,,,,,,,,,,,,,,,,,,,,,,,,,,,,,,,,,,0,,,0,,
11,US,SAP SE,,,,Sanford,,,,32771,FL,IMPORT EXA,International Pwky,25821,SAP SE,,SANFORD,Company,,0,0,,,0,,,,4/8/2022,RSIRGA,,,KRED,,,,,,,,,,,,,,,,,,,,,,,,,,,,,,,,,,,,X,,,,,,,,,,,,,,,,0,,,,,,,,,,12:00:00 AM,,,,,,,,,,,,,,,0,,,,0,,,,,,,,0.00,,,,,,,,,,,,,,,,,,,,,,,,,,,,,,,,,,,,,,,,,,,,,,,,,,,,0,,,0,,
12,US,SAP SE,,,,Sanford,,,,32771,FL,IMPORT EXA,International Pwky,25825,SAP SE,,SANFORD,Company,,0,0,,,0,,,,4/8/2022,RSIRGA,,,KRED,,,,,,,,,,,,,,,,,,,,,,,,,,,,,,,,,,,,X,,,,,,,,,,,,,,,,0,,,,,,,,,,12:00:00 AM,,,,,,,,,,,,,,,0,,,,0,,,,,,,,0.00,,,,,,,,,,,,,,,,,,,,,,,,,,,,,,,,,,,,,,,,,,,,,,,,,,,,0,,,0,,
13,US,SAP SE,,,,Sanford,,,,32771,FL,IMPORT EXA,International Pwky,25827,SAP SE,,SANFORD,Company,,0,0,,,0,,,,4/8/2022,RSIRGA,,,KRED,,,,,,,,,,,,,,,,,,,,,,,,,,,,,,,,,,,,X,,,,,,,,,,,,,,,,0,,,,,,,,,,12:00:00 AM,,,,,,,,,,,,,,,0,,,,0,,,,,,,,0.00,,,,,,,,,,,,,,,,,,,,,,,,,,,,,,,,,,,,,,,,,,,,,,,,,,,,0,,,0,,
14,US,SAP SE,,,,Sanford,,,,32771,FL,IMPORT EXA,International Pwky,25829,SAP SE,,SANFORD,Company,,0,0,,,0,,,,4/8/2022,RSIRGA,,,KRED,,,,,,,,,,,,,,,,,,,,,,,,,,,,,,,,,,,,X,,,,,,,,,,,,,,,,0,,,,,,,,,,12:00:00 AM,,,,,,,,,,,,,,,0,,,,0,,,,,,,,0.00,,,,,,,,,,,,,,,,,,,,,,,,,,,,,,,,,,,,,,,,,,,,,,,,,,,,0,,,0,,
15,US,SAP SE,,,,Sanford,,,,32771,FL,IMPORT EXA,International Pwky,25831,SAP SE,,SANFORD,Company,,0,0,,,0,,,,4/8/2022,RSIRGA,,,KRED,,,,,,,,,,,,,,,,,,,,,,,,,,,,,,,,,,,,X,,,,,,,,,,,,,,,,0,,,,,,,,,,12:00:00 AM,,,,,,,,,,,,,,,0,,,,0,,,,,,,,0.00,,,,,,,,,,,,,,,,,,,,,,,,,,,,,,,,,,,,,,,,,,,,,,,,,,,,0,,,0,,
16,US,SAP SE,,,,Sanford,,,,32771,FL,IMPORT EXA,International Pwky,25833,SAP SE,,SANFORD,Company,,0,0,,,0,,,,4/8/2022,RSIRGA,,,KRED,,,,,,,,,,,,,,,,,,,,,,,,,,,,,,,,,,,,X,,,,,,,,,,,,,,,,0,,,,,,,,,,12:00:00 AM,,,,,,,,,,,,,,,0,,,,0,,,,,,,,0.00,,,,,,,,,,,,,,,,,,,,,,,,,,,,,,,,,,,,,,,,,,,,,,,,,,,,0,,,0,,
17,US,SAP SE,,,,Sanford,,,,32771,FL,IMPORT EXA,International Pwky,25835,SAP SE,,SANFORD,Company,,0,0,,,0,,,,4/8/2022,RSIRGA,,,KRED,,,,,,,,,,,,,,,,,,,,,,,,,,,,,,,,,,,,X,,,,,,,,,,,,,,,,0,,,,,,,,,,12:00:00 AM,,,,,,,,,,,,,,,0,,,,0,,,,,,,,0.00,,,,,,,,,,,,,,,,,,,,,,,,,,,,,,,,,,,,,,,,,,,,,,,,,,,,0,,,0,,
18,US,SAP SE,,,,Sanford,,,,32771,FL,IMPORT EXA,International Pwky,25837,SAP SE,,SANFORD,Company,,0,0,,,0,,,,4/8/2022,RSIRGA,,,KRED,,,,,,,,,,,,,,,,,,,,,,,,,,,,,,,,,,,,X,,,,,,,,,,,,,,,,0,,,,,,,,,,12:00:00 AM,,,,,,,,,,,,,,,0,,,,0,,,,,,,,0.00,,,,,,,,,,,,,,,,,,,,,,,,,,,,,,,,,,,,,,,,,,,,,,,,,,,,0,,,0,,
19,US,CM as CP,,,,Hauppauge,,,,11788,,,,25839,CM AS CP,,HAUPPAUGE,,,0,0,,,0,,,,4/8/2022,BASIS001,,,KRED,,,,,,EN,,,,,,,,,,,,,,,,X,,,,,,,,,,,,,,X,,,,,,,,,,,,,,,,0,,,,,,,,,,12:00:00 AM,,,,,,,,,,,,,,,0,,,,0,,,,,,,,0.00,,,,,,,,,,,,,,,,,,,,,,,,,,,,,,,,,,,,,,,,,,,,,,,,,,,,0,,,0,,
20,US,Vendor S4H,,,,Hauppague,,,,11788,,,,25859,VENDOR S4H,,HAUPPAGUE,,,0,0,,,0,,,,4/8/2022,BASIS001,,,KRED,,,,,,,,,,,,,,,,,,,,,,,,,,,,,,,,,,,,X,,,,,,,,,,,,,,,,0,,,,,,,,,,12:00:00 AM,,,,,,,,,,,,,,,0,,,,0,,,,,,,,0.00,,,,,,,,,,,,,,,,,,,,,,,,,,,,,,,,,,,,,,,,,,,,,,,,,,,,0,,,0,,
21,US,Bob Richard,,,,Central Islip,,,,11722,FL,,,25861,BOB RICHARD,,CENTRAL ISLIP,,,0,0,,,0,,,,4/8/2022,BASIS001,,,KRED,,,,,,EN,,,,,,,,,,,,,,,,X,,,,,,,,,,,,,,X,,,,,,,,,,,,,,,,0,,,,,,,,,,12:00:00 AM,,,,,,,,,,,,,,,0,,,,0,,,,,,,,0.00,,,,,,,,,,,,,,,,,,,,,,,,,,,,,,,,,,,,,,,,,,,,,,,,,,,,0,,,0,,
22,US,F&H Services,,,,NY City,,,,11788,FL,,,25867,F&H SERVICES,,NY CITY,,,0,0,,,0,,,,4/21/2022,BASIS001,,,KRED,,,,,,EN,,,,,,,,,,,,,,,,,,,,,,,,,,,,,,X,,,,,,,,,,,,,,,,0,,,,,,,,,,12:00:00 AM,,,,,,,,,,,,,,,0,,,,0,,,,,,,,0.00,,,,,,,,,,,,,,,,,,,,,,,,,,,,,,,,,,,,,,,,,,,,,,,,,,,,0,,,0,,
23,US,Vendor XX,,,,Lake Mary,,,,32746,FL,,,25909,VENDOR XX,,LAKE MARY,,,0,0,,,0,,,,4/28/2022,BASIS001,,,KRED,,,,,,,,,,,,,,,,,,,,,,,,,,,,,,,,,,,,X,,,,,,,,,,,,,,,,0,,,,,,,,,,12:00:00 AM,,,,,,,,,,,,,,,0,,,,0,,,,,,,,0.00,,,,,,,,,,,,,,,,,,,,,,,,,,,,,,,,,,,,,,,,,,,,,,,,,,,,0,,,0,,
25,US,Test,,,,Redmond,,,,98052,,TEST,,25911,TEST,,REDMOND,Company,,0,0,,,0,,,,4/28/2022,BASIS001,,,KRED,,,,,,EN,,,,,,,,,,,,,,,,,,,,,,,,,,,,,,X,,,,,,,,,,,,,,,,0,,,,,,,,,,12:00:00 AM,,,,,,,,,,,,,,,0,,,,0,,,,,,,,0.00,,,,,,,,,,,,,,,,,,,,,,,,,,,,,,,,,,,,,,,,,,,,,,,,,,,,0,,,0,,
37,US,SAP SE,,,,Sanford,,,,32771,FL,IMPORT EXA,International Pwky,25913,SAP SE,,SANFORD,Company,,0,0,,,0,,,,4/28/2022,BASIS001,,,KRED,,,,,,,,,,,,,,,,,,,,,,,,,,,,,,,,,,,,X,,,,,,,,,,,,,,,,0,,,,,,,,,,12:00:00 AM,,,,,,,,,,,,,,,0,,,,0,,,,,,,,0.00,,,,,,,,,,,,,,,,,,,,,,,,,,,,,,,,,,,,,,,,,,,,,,,,,,,,0,,,0,,
38,US,SAP SE,,,,Sanford,,,,32771,FL,IMPORT EXA,International Pwky,25916,SAP SE,,SANFORD,Company,,0,0,,,0,,,,4/28/2022,BASIS001,,,KRED,,,,,,,,,,,,,,,,,,,,,,,,,,,,,,,,,,,,X,,,,,,,,,,,,,,,,0,,,,,,,,,,12:00:00 AM,,,,,,,,,,,,,,,0,,,,0,,,,,,,,0.00,,,,,,,,,,,,,,,,,,,,,,,,,,,,,,,,,,,,,,,,,,,,,,,,,,,,0,,,0,,
39,US,Raja Sirga,,,,Sanford,,,,32771,FL,,1001 International Pkwy - 1,25921,RAJA SIRGA,,SANFORD,,,0,0,,,0,,,,4/28/2022,BASIS001,,,KRED,,,,,,EN,,,,,,,,,,,,,,,,,,,,,,,,,,,,,,X,,,,,,,,,,,,,,,,0,,,,,,,,,,12:00:00 AM,,,,,,,,,,,,,,,0,,,,0,,,,,,,,0.00,,,,,,,,,,,,,,,,,,,,,,,,,,,,,,,,,,,,,,,,,,,,,,,,,,,,0,,,0,,
40,US,Sirga,,,,,,,,,,,,25920,SIRGA,,,,,0,0,,,0,,,,4/28/2022,BASIS001,,,KRED,,,,,,,,,,,,,,,,,,,,,,X,,,,,,,,,,,,,,X,,,,,,,,,,,,,,,,0,,,,,,,,,,12:00:00 AM,,,,,,,,,,,,,,,0,,,,0,,,,,,,,0.00,,,,,,,,,,,,,,,,,,,,,,,,,,,,,,,,,,,,,,,,,,,,,,,,,,,,0,,,0,,
41,US,S4H Supplier,,,,,,,,,,,,25917,S4H SUPPLIER,,,,,0,0,,,0,,,,4/28/2022,BASIS001,,,KRED,,,,,,,,,,,,,,,,,,,,,,,,,,,,,,,,,,,,X,,,,,,,,,,,,,,,,0,,,,,,,,,,12:00:00 AM,,,,,,,,,,,,,,,0,,,,0,,,,,,,,0.00,,,,,,,,,,,,,,,,,,,,,,,,,,,,,,,,,,,,,,,,,,,,,,,,,,,,0,,,0,,
42,US,Raja Sirga,,,,Sanford,,,,32771,FL,,1001 International Pkwy,25923,RAJA SIRGA,,SANFORD,,,0,0,,,0,,,,4/28/2022,BASIS001,,,KRED,,,,,,EN,,,,,,,,,,,,,,,,,,,,,,,,,,,,,,X,,,,,,,,,,,,,,,,0,,,,,,,,,,12:00:00 AM,,,,,,,,,,,,,,,0,,,,0,,,,,,,,0.00,,,,,,,,,,,,,,,,,,,,,,,,,,,,,,,,,,,,,,,,,,,,,,,,,,,,0,,,0,,
55,US,ksk,,,,,,,,32771,,,,25947,KSK,,,,,0,0,,,0,,,,5/3/2022,BASIS001,,,KRED,,,,,,,,,,,,,,,,,,,,,,X,,,,,,,,,,,,,,X,,,,,,,,,,,,,,,,0,,,,,,,,,,12:00:00 AM,,,,,,,,,,,,,,,0,,,,0,,,,,,,,0.00,,,,,,,,,,,,,,,,,,,,,,,,,,,,,,,,,,,,,,,,,,,,,,,,,,,,0,,,0,,
56,US,GS,,,,,,,,32771,,,,25949,GS,,,,,0,0,,,0,,,,5/3/2022,BASIS001,,,KRED,,,,,,,,,,,,,,,,,,,,,,X,,,,,,,,,,,,,,X,,,,,,,,,,,,,,,,0,,,,,,,,,,12:00:00 AM,,,,,,,,,,,,,,,0,,,,0,,,,,,,,0.00,,,,,,,,,,,,,,,,,,,,,,,,,,,,,,,,,,,,,,,,,,,,,,,,,,,,0,,,0,,
57,US,Agent XYZ,,,,Lake Mary,,,,32746,FL,,,25953,AGENT XYZ,,LAKE MARY,,,0,0,,,0,,,,5/3/2022,BASIS001,,,KRED,,,,,,,,,,,,,,,,,,,,,,X,,,,,,,,,,,,,,X,,,,,,,,,,,,,,,,0,,,,,,,,,,12:00:00 AM,,,,,,,,,,,,,,,0,,,,0,,,,,,,,0.00,,,,,,,,,,,,,,,,,,,,,,,,,,,,,,,,,,,,,,,,,,,,,,,,,,,,0,,,0,,
59,US,Vendor S4H,test,,,Sanford,,,,32771,FL,,,26006,VENDOR S4H,TEST,SANFORD,,,0,0,,,0,,,,7/28/2022,BASIS001,,,KRED,,,,,,,,,,,,,,,,,,,,,,,,,,,,,,,,,,,,X,,,,,,,,,,,,,,,,0,,,,,,,,,,12:00:00 AM,,,,,,,,,,,,,,,0,,,,0,,,,,,,,0.00,,,,,,,,,,,,,,,,,,,,,,,,,,,,,,,,,,,,,,,,,,,,,,,,,,,,0,,,0,,
40000,MX,TEST VENDOR,,,,PLANO,,,,75024,,TEST VENDO,PRESTON RD,25627,TEST VENDOR,,PLANO,,,0,0,,,0,,,,10/24/2021,SAP_WFRT,,,ZKTV,,,,,,EN,,,,,,,,,,,,,,,,,,,,,,,,,,,X,X,,X,,,,,,,,,,,,,,,,0,,,,,,,,,,12:00:00 AM,,,,,,,,,,,,,,,0,,,,0,,,,,,,,0.00,,,,,,,,,,,,,,,,,,,,,,,,,,,,,,,,,,,,,,,,,,,,,,,,,,,,0,,,0,,
40001,IT,HOSPITAL SOLUTIONS BOLOGNA SRL,,,,BUDRIO,,,,40054,IM,HOSPITAL S,VIA GUIZZARDI 52,25629,HOSPITAL SOLUTIONS BOLOGN,,BUDRIO,,,0,0,,,0,,,,10/24/2021,SAP_WFRT,,,ZKTV,,,,,,IT,02893271201,,,,,,,,,,,,,,,,,,,,,,,,,,X,X,,X,,,,,,,,,,,,,,,,0,,,,,,,,,,12:00:00 AM,,,,,,,,,,,,,,,0,,,,0,,,,,,,,0.00,,,,,,,,,,,,,,,,,,,,,,,,,,,,,,,,,,,,,,,,,,,,,,,,,,,,0,,,0,,
40002,IT,OFFICE DEPOT S.R.L.,,,,ASSAGO (MI),,,,20057,AQ,OFFICE DEP,CENTRO DIREZIONALE MILANOFIORI PALA,25631,OFFICE DEPOT S.R.L.,,ASSAGO (MI),,,0,0,,,0,,,,10/24/2021,SAP_WFRT,,,ZKTV,,,,,,IT,,,,,,0282285,,0257504425,,,,,,,IT03675290286,,,,,,,,,,,,X,X,,X,,,,,,,,,,,,,,,,0,,,,,,,,,,12:00:00 AM,,,,,,,,,,,,,,,0,,,,0,,,,,,,,0.00,,,,,,,,,,,,,,,,,,,,,,,,,,,,,,,,,,,,,,,,,,,,,,,,,,,,0,,,0,,
40003,IT,ASSOCIAZIONE EPILESSIA EMILIA ROMAG,,,,BOLOGNA,,,,40131,AT,ASSOCIAZIO,VIA MARCO POLO 18,25633,ASSOCIAZIONE EPILESSIA EM,,BOLOGNA,,,0,0,,,0,,,,10/24/2021,SAP_WFRT,,,ZKTV,,,,,,IT,,,,,,,,,,,,,,,,,,,,,,,,,,,X,X,,X,,,,,,,,,,,,,,,,0,,,,,,,,,,12:00:00 AM,,,,,,,,,,,,,,,0,,,,0,,,,,,,,0.00,,,,,,,,,,,,,,,,,,,,,,,,,,,,,,,,,,,,,,,,,,,,,,,,,,,,0,,,0,,
40004,IT,MIGLIORINI ARNALDO STANISLAO,,,,MILANO,,,,20125,AG,MIGLIORINI,VIA CIPRIANI 5,25635,MIGLIORINI ARNALDO STANIS,,MILANO,,,0,0,,,0,,,,10/24/2021,SAP_WFRT,,,ZKTV,,,,,,IT,,,,,,0234532078,,,,,,,,,IT11394670159,,,,,,,,,,,,X,X,,X,,,,,,,,,,,,,,,,0,,,,,,,,,,12:00:00 AM,,,,,,,,,,,,,,,0,,,,0,,,,,,,,0.00,,,,,,,,,,,,,,,,,,,,,,,,,,,,,,,,,,,,,,,,,,,,,,,,,,,,0,,,0,,
40005,FR,HOTELLERIE DES CRIQUETS,,,,BLANQUEFORT,,,,33290,07,HOTELLERIE,130 AVENUE DU 11 NOVEMBRE,25637,HOTELLERIE DES CRIQUETS,,BLANQUEFORT,,,0,0,,,0,,,,10/24/2021,SAP_WFRT,,,ZKTV,,,,,,FR,,,,,,,,,,,,,,,,,,,,,,,,,,,X,X,,X,,,,,,,,,,,,,,,,0,,,,,,,,,,12:00:00 AM,,,,,,,,,,,,,,,0,,,,0,,,,,,,,0.00,,,,,,,,,,,,,,,,,,,,,,,,,,,,,,,,,,,,,,,,,,,,,,,,,,,,0,,,0,,
40006,GB,John Goodwin,,,,Warwick,,,,CV34 7BD,WOR,JOHN GOODW,4 Palmer Crescent,25647,JOHN GOODWIN,,WARWICK,,,0,0,,,0,,,,10/24/2021,SAP_WFRT,,,ZKTV,,,,,,EN,,,,,,,,,,,,,,,,,,,,,,,,,,,X,X,,X,,,,,,,,,,,,,,,,0,,,,,,,,,,12:00:00 AM,,,,,,,,,,,,,,,0,,,,0,,,,,,,,0.00,,,,,,,,,,,,,,,,,,,,,,,,,,,,,,,,,,,,,,,,,,,,,,,,,,,,0,,,0,,
40007,US,OFFICE DEPO,,,,PLANO,,,,75024,TX,OFFICE DEP,2300 PRESTON RD,25649,OFFICE DEPO,,PLANO,,,0,0,,,0,,,,10/25/2021,SAP_WFRT,,,ZKTV,,,,,,EN,,45-3984984,,,,426-349-2399,,,,,,,,,,,,,,,,,,,,,X,X,,X,,,,,,,,,,,,,,,,0,,,,,,,,,,12:00:00 AM,,,,,,,,,,,,,,,0,,,,0,,,,,,,,0.00,,,,,,,,,,,,,,,,,,,,,,,,,,,,,,,,,,,,,,,,,,,,,,,,,,,,0,,,0,,
40008,US,INNOVA SOLUTIONS,,,,PLANO,,,,75024,,INNOVA SOL,PRESTON RD,25651,INNOVA SOLUTIONS,,PLANO,,,0,0,,,0,,,,10/25/2021,SAP_WFRT,,,ZKTV,,,,,,EN,,,,,,,,,,,,,,,,,,,,,,,,,,,X,X,,X,,,,,,,,,,,,,,,,0,,,,,,,,,,12:00:00 AM,,,,,,,,,,,,,,,0,,,,0,,,,,,,,0.00,,,,,,,,,,,,,,,,,,,,,,,,,,,,,,,,,,,,,,,,,,,,,,,,,,,,0,,,0,,
40009,US,Office Mart,,,,,,,,75034,TX,OFFICE MAR,2930 preston road,25655,OFFICE MART,,,,,0,0,,,0,,,,10/25/2021,SAP_WFRT,,,ZKTV,,,,,,EN,,,,,,,,,,,,,,,,,,,,,,,,,,,X,X,,X,,,,,,,,,,,,,,,,0,,,,,,,,,,12:00:00 AM,,,,,,,,,,,,,,,0,,,,0,,,,,,,,0.00,,,,,,,,,,,,,,,,,,,,,,,,,,,,,,,,,,,,,,,,,,,,,,,,,,,,0,,,0,,
40010,US,Office depot,,,,Frisco,,,,75035,TX,OFFICE DEP,2380 preston road,25705,OFFICE DEPOT,,FRISCO,,,0,0,,,0,,,,11/19/2021,SAP_WFRT,,,ZKTV,,,,,,EN,,,,,,,,,,,,,,,,,,,,,,,,,,,X,X,,X,,,,,,,,,,,,,,,,0,,,,,,,,,,12:00:00 AM,,,,,,,,,,,,,,,0,,,,0,,,,,,,,0.00,,,,,,,,,,,,,,,,,,,,,,,,,,,,,,,,,,,,,,,,,,,,,,,,,,,,0,,,0,,
40020,US,Cloud Services LLC,,,,New York,,,,10001,NY,CLOUD,4th Avenue,26508,CLOUD SERVICES LLC,,NEW YORK,Company,,0,0,,,0,,,,2/20/2024,SVEDANTHAM,,,ZKTV,,,,,,EN,,,,,,,,,,,,,,,,,,,,,,,,,,,X,X,,X,,,,,,,,,,,,,,,,0,,,,,,,,,,12:00:00 AM,,,,,,,,,,,,,,,0,,,,0,,,,,,,,0.00,,,,,,,,,,,,,,,,,,,,,,,,,,,,,,,,,,,,,,,,,,,,,,,,,,,,0,,,0,,
40021,US,PE Rentals LLC,,,,New York,,,,10001,NY,LEASE,5th Avenue,26510,PE RENTALS LLC,,NEW YORK,Company,,0,0,,,0,,,,2/20/2024,SVEDANTHAM,,,ZKTV,,,,,,EN,,,,,,,,,,,,,,,,,,,,,,,,,,,X,X,,X,,,,,,,,,,,,,,,,0,,,,,,,,,,12:00:00 AM,,,,,,,,,,,,,,,0,,,,0,,,,,,,,0.00,,,,,,,,,,,,,,,,,,,,,,,,,,,,,,,,,,,,,,,,,,,,,,,,,,,,0,,,0,,
40022,US,MC Consulting Servces LLC,,,,New York,,,,10001,NY,MCC,6th Avenue,26512,MC CONSULTING SERVCES LLC,,NEW YORK,Company,,0,0,,,0,,,,2/20/2024,SVEDANTHAM,,,ZKTV,,,,,,EN,,,,,,,,,,,,,,,,,,,,,,,,,,,X,X,,X,,,,,,,,,,,,,,,,0,,,,,,,,,,12:00:00 AM,,,,,,,,,,,,,,,0,,,,0,,,,,,,,0.00,,,,,,,,,,,,,,,,,,,,,,,,,,,,,,,,,,,,,,,,,,,,,,,,,,,,0,,,0,,
40023,US,Net Services LLC,,,,New York,,,,10001,NY,INTERNET,7th Avenue,26515,NET SERVICES LLC,,NEW YORK,,,0,0,,,0,,,,2/20/2024,SVEDANTHAM,,,ZKTV,,,,,,EN,,,,,,,,,,,,,,,,,,,,,,,,,,,X,X,,X,,,,,,,,,,,,,,,,0,,,,,,,,,,12:00:00 AM,,,,,,,,,,,,,,,0,,,,0,,,,,,,,0.00,,,,,,,,,,,,,,,,,,,,,,,,,,,,,,,,,,,,,,,,,,,,,,,,,,,,0,,,0,,
40024,US,SS LLP,,,,New York,,,,10001,NY,LEGAL,9th Avenue,26519,SS LLP,,NEW YORK,,,0,0,,,0,,,,2/20/2024,SVEDANTHAM,,,ZKTV,,,,,,EN,,,,,,,,,,,,,,,,,,,,,,,,,,,X,X,,X,,,,,,,,,,,,,,,,0,,,,,,,,,,12:00:00 AM,,,,,,,,,,,,,,,0,,,,0,,,,,,,,0.00,,,,,,,,,,,,,,,,,,,,,,,,,,,,,,,,,,,,,,,,,,,,,,,,,,,,0,,,0,,
40025,US,Fastners LLC,,,,New York,,,,10001,NY,RM,8th Avenue,26521,FASTNERS LLC,,NEW YORK,,,0,0,,,0,,,,2/20/2024,SVEDANTHAM,,,ZKTV,,,,,,EN,123577,,,,,,,,,,,,,,,,,,,,,,,,,,X,X,,X,,,,,,,,,,,,,,,,0,,,,,,,,,,12:00:00 AM,,,,,,,,,,,,,,,0,,,,0,,,,,,,,0.00,,,,,,,,,,,,,,,,,,,,,,,,,,,,,,,,,,,,,,,,,,,,,,,,,,,,0,,,0,,
40026,US,Energy Corp,,,,New York,,,,10001,NY,ENERGY,10th Avenue,26527,ENERGY CORP,,NEW YORK,,,0,0,,,0,,,,2/21/2024,SVEDANTHAM,,,ZKTV,,,,,,EN,,,,,,,,,,,,,,,,,,,,,,,,,,,X,X,,X,,,,,,,,,,,,,,,,0,,,,,,,,,,12:00:00 AM,,,,,,,,,,,,,,,0,,,,0,,,,,,,,0.00,,,,,,,,,,,,,,,,,,,,,,,,,,,,,,,,,,,,,,,,,,,,,,,,,,,,0,,,0,,
643266,US,Jennifer Stone,,,,Palo Alto,,,,94030,CA,STONE,Hillview Avenue 110,25312,JENNIFER STONE,,PALO ALTO,Ms.,,0,0,,,0,,,,2/26/2020,BPINST,,,0001,,,,,,EN,,,,,,,,,,,,,,,,X,,,1/1/1986,2,,,,,,,X,X,,X,,,,,,,,,,,,,,,,0,,,,,,,,,,12:00:00 AM,,,,,,,,,,,,,,,0,,,,0,,,,,,,,0.00,,,,,,,,,,,,,,,,,,,,,,,,,,,,,,,,,,,,,,,,,,,,,,,,,,,,0,,,0,,
1000109,KY,ARP International Ltd,,,,George Town,,,,KYI,,,100 Get Rich,25305,ARP INTERNATIONAL LTD,,GEORGE TOWN,,,0,0,,,0,,,,2/26/2020,BPINST,,,SUPL,,,,,,EN,,,,,,,,,,,,,,,,,,,,,,,,,,,,,,X,,,,,,,,,,,,,,,,0,,,,,,,,,,12:00:00 AM,,,,,,,,,,,,,,,0,,,,0,,,,,,,,0.00,,,,,,,,,,,,,,,,,,,,,,,,,,,,,,,,,,,,,,,,,,,,,,,,,,,,0,,,0,,
1000169,US,Test for AA,,,,New York,,,,10001,NY,1234,3rd Aveue,26505,TEST FOR AA,,NEW YORK,Company,,0,0,,,0,,,,2/20/2024,SVEDANTHAM,,,SUPL,,,,,,EN,,,,,,,,,,,,,,,,,,,,,,,,,,,,,,X,,,,,,,,,,,,,,,,0,,,,,,,,,,12:00:00 AM,,,,,124-456789,,,,,,,,,,0,,,,0,,,,,,,,0.00,,,,,,,,,,,,,,,,,,,,,,,,,,,,,,,,,,,,,,,,,,,,,,,,,,,,0,,,0,,
1000179,IN,OTV,,,,1231,,,,132131,,,,26625,OTV,,1231,,,0,0,,,0,,,,6/4/2024,NKAUSHIK,,,CPD,,,,,,EN,,,,,,,,,,,X,,,,,,,,,,,,,,,,,,,X,,,,,,,,,,,,,,,,0,,,,,,,,,,12:00:00 AM,,,,,,,,,,,,,,,0,,,,0,,,,,,,,0.00,,,,,,,,,,,,,,,,,,,,,,,,,,,,,,,,,,,,,,,,,,,,,,,,,,,,0,,,0,,
3000001,DE,ABC Supplier 02,MDG,,,Heidelburg,,,,,,MDG,,24731,ABC SUPPLIER 02,MDG,HEIDELBURG,Company,,0,0,,,0,,,,2/14/2019,SAP_WFRT,,,KRED,,,,,,,,,,,,,,,,,,,,,,,,,,,,,,,,,,,,X,,,,,,,,,,,,,,,,0,,,,,,,,,,12:00:00 AM,,,,,,,,,,,,,,,0,,,,0,,,,,,,,0.00,,,,,,,,,,,,,,,,,,,,,,,,,,,,,,,,,,,,,,,,,,,,,,,,,,,,0,,,0,,
3000010,US,Demo Supplier Company A,,,,New York,,,,65967,,MDG,,24765,DEMO SUPPLIER COMPANY A,,NEW YORK,Company,,0,0,,,0,,,,2/21/2019,SAP_WFRT,,,KRED,,,,,,EN,,,,,,,,,,,,,1010,,,,,,,,,,,,,,,,,X,7700000000,,,,,,,,,,,,,,,0,,,,,,,,,,12:00:00 AM,,,,,,,,,,,,,,,0,,,,0,,,,,,,,0.00,,,,,,,,,,,,,,,,,,,,,,,,,,,,,,,,,,,,,,,,,,,,,,,,,,,,0,,,0,,
3000040,IN,test,,,,Bnagalore,,,,560037,KA,SS,,25536,TEST,,BNAGALORE,,,0,0,,,0,,,,4/15/2021,SAP_WFRT,,,KRED,,,,,,EN,,,,,,,,,,,,,,,,,,,,,,,,,,,,,,X,,,,,,,,,,,,,,,,0,,,,,,,,,,12:00:00 AM,,,,,,,,,,,,,,,0,,,,0,,,,,,,,0.00,,,,,,,,,,,,,,,,,,,,,,,,,,,,,,,,,,,,,,,,,,,,,,,,,,,,0,,,0,,
10200001,HU,Supplier/Customer for Intrastat (HU,,,,Budapest,,,,1032,,BP1,1139 V ci  t 71 60,23821,SUPPLIER/CUSTOMER FOR INT,,BUDAPEST,Company,,0,0,,,0,,,,10/18/2017,BPINST,,,SUPL,10200001,,,,,EN,,,,,,9999 3288-0,,,,,,,,,HU12345688,,,,,,,,,,,,,,,X,,,,,,,,,,,,,,,,0,,,,,,,,,,12:00:00 AM,,,,,,,,,,,,,,,0,,,,0,,,,,,,,0.00,,,,,,,,,,,,,,,,,,,,,,,,,,,,,,,,,,,,,,,,,,,,,,,,,,,,0,,,0,,
10300001,DE,Inlandslieferant DE 1,,,,Haltern am See,,,,45721,NW,LIEF1,Hullerner Stra e 23,23746,INLANDSLIEFERANT DE 1,,HALTERN AM SEE,Company,,0,0,,,0,,,,10/17/2017,BPINST,,,SUPL,,,,,,DE,,,,,,09990 5232-0,,,,,,,,,DE178562898,,,,,,,,,,,,,,,X,,,,,,X,,,,,,,,,,0,,,,,,,,,,12:00:00 AM,,,,,,,,,,,,,,,0,,,,0,,,,,,,,0.00,,,,,,,,,,,,,,,,,,,,,,,,,,,,,,,,,,,,,,,,,,,,,,,,,,,,0,,,0,,
10300002,DE,Inlandslieferant DE 2,,,,Gotha,,,,99867,TH,LIEF2,Kirchh g 78,23748,INLANDSLIEFERANT DE 2,,GOTHA,Company,,0,0,,,0,,,,10/17/2017,BPINST,,,SUPL,,,,,,DE,,,,,,09990 362-0,,,,,,,,,DE235984551,,,,,,,,,,,,,,,X,,,,,,,,,,,,,,,,0,,,,,,,,,,12:00:00 AM,,,,,,,,,,,,,,,0,,,,0,,,,,,,,0.00,,,,,,,,,,,,,,,,,,,,,,,,,,,,,,,,,,,,,,,,,,,,,,,,,,,,0,,,0,,
10300003,DE,Inlandslieferant DE 3 (mit ERS),,,,Berlin,,,,14055,BE,LIEF3,Messedamm 22,24526,INLANDSLIEFERANT DE 3 (MI,,BERLIN,Company,,0,0,,,0,,,,10/30/2018,BPINST,,,SUPL,,,,,,DE,,,,,,09990 589-0,,,,,,,,,,,,,,,,,,,,,,,,X,,,,,,,,,,,,,,,,0,,,,,,,,,,12:00:00 AM,,,,,,,,,,,,,,,0,,,,0,,,,,,,,0.00,,,,,,,,,,,,,,,,,,,,,,,,,,,,,,,,,,,,,,,,,,,,,,,,,,,,0,,,0,,
10300006,DE,Inlandslieferant DE 6 (Retouren),,,,Hamburg,,,,22767,HH,LIEFDE6,Holstenstra e 1142,23778,INLANDSLIEFERANT DE 6 (RE,,HAMBURG,Company,,0,0,,,0,,,,10/17/2017,BPINST,,,SUPL,10100006,,,,,DE,,,,,,09990 25420-0,,,,,,,,,DE204894864,,,,,,,,,,,,,,,X,,,,,,,,,,,,,,,,0,,,,,,,,,,12:00:00 AM,,,,,,,,,,,,,,,0,,,,0,,,,,,,,0.00,,,,,,,,,,,,,,,,,,,,,,,,,,,,,,,,,,,,,,,,,,,,,,,,,,,,0,,,0,,
10300007,DE,"Inland-Lohnbearbeiter A, DE",,,,Alleringersleben,,,,39343,ST,VEN-SUBCON,Hauptstra e 12,23809,"INLAND-LOHNBEARBEITER A,",,ALLERINGERSLEBEN,Company,,0,0,,,0,,,,10/18/2017,BPINST,,,SUPL,10100007,,,,,DE,,,,,,09990 953-0,,,,,,,,,DE221983915,,,,,,,,,,,,,,,X,,,,,,,,,,,,,,,,0,,,,,,,,,,12:00:00 AM,,,,,,,,,,,,,,,0,,,,0,,,,,,,,0.00,,,,,,,,,,,,,,,,,,,,,,,,,,,,,,,,,,,,,,,,,,,,,,,,,,,,0,,,0,,
10300010,DE,Inlandslieferant DE 1,,,,Haltern am See,,,,45721,NW,LIEF1,Hullerner Stra e 23,24537,INLANDSLIEFERANT DE 1,,HALTERN AM SEE,Company,,0,0,,,0,,,,10/31/2018,BPINST,,,SUPL,10300010,,,,,DE,,,,,,09990 5232-0,,,,,,,,,DE178562898,,,,,,,,,,,,,,,X,,,,,0000000002,,,,,,,,,,,0,,,,,,,,,,12:00:00 AM,,,,,,,,,,,,,,,0,,,,0,,,,,,,,0.00,,,,,,,,,,,,,,,,,,,,,,,,,,,,,,,,,,,,,,,,,,,,,,,,,,,,0,,,0,,
10300080,DE,Inlandslieferant DE (Ariba Netzwerk,,,,Bremen,,,,28199,HB,LIEF80,Weizenkampstra e 10,23799,INLANDSLIEFERANT DE (ARIB,,BREMEN,Company,,0,0,,,0,,,,10/18/2017,BPINST,,,SUPL,,,,,,DE,,,,,,09990 34679-0,,,,,,,,,DE205869026,,,,,,,,,,,,,,,X,,,,,,,,,,,,,,,,0,,,,,,,,,,12:00:00 AM,,,,,,,,,,,,,,,0,,,,0,,,,,,,,0.00,,,,,,,,,,,,,,,,,,,,,,,,,,,,,,,,,,,,,,,,,,,,,,,,,,,,0,,,0,,
10300081,DE,Inlandslieferant DE (Ariba Sourcing,,,,Aachen,,,,52062,NW,LIEF81,Pontstra e 152,23801,INLANDSLIEFERANT DE (ARIB,,AACHEN,Company,,0,0,,,0,,,,10/18/2017,BPINST,,,SUPL,,,,,,DE,,,,,,09990 34681-0,,,,,,,,,DE129274202,,,,,,,,,,,,,,,X,,,,,,,,,,,,,,,,0,,,,,,,,,,12:00:00 AM,,,,,,,,,,,,,,,0,,,,0,,,,,,,,0.00,,,,,,,,,,,,,,,,,,,,,,,,,,,,,,,,,,,,,,,,,,,,,,,,,,,,0,,,0,,
10300082,DE,Inlandslieferant DE (Ariba Sourcing,,,,Bremen,,,,28207,HB,LIEF82,Stresemannstra e 12,23803,INLANDSLIEFERANT DE (ARIB,,BREMEN,Company,,0,0,,,0,,,,10/18/2017,BPINST,,,SUPL,,,,,,DE,,,,,,09990 34682-0,,,,,,,,,DE815563912,,,,,,,,,,,,,,,X,,,,,,,,,,,,,,,,0,,,,,,,,,,12:00:00 AM,,,,,,,,,,,,,,,0,,,,0,,,,,,,,0.00,,,,,,,,,,,,,,,,,,,,,,,,,,,,,,,,,,,,,,,,,,,,,,,,,,,,0,,,0,,
10300083,DE,Inlandslieferant DE (Ariba Sourcing,,,,Stuttgart,,,,70184,BW,LIEF83,Planckstra e 30,23805,INLANDSLIEFERANT DE (ARIB,,STUTTGART,Company,,0,0,,,0,,,,10/18/2017,BPINST,,,SUPL,,,,,,DE,,,,,,09990 34683-0,,,,,,,,,DE294264851,,,,,,,,,,,,,,,X,,,,,,,,,,,,,,,,0,,,,,,,,,,12:00:00 AM,,,,,,,,,,,,,,,0,,,,0,,,,,,,,0.00,,,,,,,,,,,,,,,,,,,,,,,,,,,,,,,,,,,,,,,,,,,,,,,,,,,,0,,,0,,
10300090,DE,Inlandslieferant DE (Ariba FIN),,,,Karlsruhe,,,,76133,BW,LIEF90,Kaiserallee 8,23811,INLANDSLIEFERANT DE (ARIB,,KARLSRUHE,Company,,0,0,,,0,,,,10/18/2017,BPINST,,,SUPL,,,,,,DE,,,,,,09990 22233-0,,,,,,,,,DE262990428,,,,,,,,,,,,,,,X,,,,,,,,,,,,,,,,0,,,,,,,,,,12:00:00 AM,,,,,,,,,,,,,,,0,,,,0,,,,,,,,0.00,,,,,,,,,,,,,,,,,,,,,,,,,,,,,,,,,,,,,,,,,,,,,,,,,,,,0,,,0,,
10300095,DE,DE - Sales Commission Recipient,,,,Haltern am See,,,,45721,NW,LIEF1,Hullerner Stra e 23,24539,DE - SALES COMMISSION REC,,HALTERN AM SEE,Company,,0,0,,,0,,,,10/31/2018,BPINST,,,SUPL,10300010,,,,,DE,,,,,,09990 5232-0,,,,,,,,,DE178562898,,,,,,,,,,,,,,,X,,,,,,,,,,,,,,,,0,,,,,,,,,,12:00:00 AM,,,,,,,,,,,,,,,0,,,,0,,,,,,,,0.00,,,,,,,,,,,,,,,,,,,,,,,,,,,,,,,,,,,,,,,,,,,,,,,,,,,,0,,,0,,
10300273,DE,Inlandslieferant DE CPD,,,,Mannheim,,,,68159,BW,SUP1T,Hullerner 55,23750,INLANDSLIEFERANT DE CPD,,MANNHEIM,Company,,0,0,,,0,,,,10/17/2017,BPINST,,,CPD,,,,,,DE,,,,,,09990 5252-0,,,,,X,,,,,,,,,,,,,,,,,,,X,,,,,,,,,,,,,,,,0,,,,,,,,,,12:00:00 AM,,,,,,,,,,,,,,,0,,,,0,,,,,,,,0.00,,,,,,,,,,,,,,,,,,,,,,,,,,,,,,,,,,,,,,,,,,,,,,,,,,,,0,,,0,,
17300001,US,Walker Auto,,,,DULUTH,,,,55816,MN,SUPL1,198 PO BOX 17442,23428,WALKER AUTO,,DULUTH,Company,,0,0,,,0,,,,10/5/2017,BPINST,,,SUPL,,,,,,EN,,,,,,999 856 4321,,,,,,,,,,,,,,,,,,,,,,,,X,IN00000000,,,,,,,,,,,,,,X,0,,,,,,,,,,12:00:00 AM,,,,,,,,,,,,,,,0,,,,0,,,,,,,,0.00,,,,,,,,,,,,,,,,,,,,,,,,,,,,,,,,,,,,,,,,,,,,,,,,,,,,0,,,0,,
17300002,US,Domestic US Supplier 2,,,,Bismarck,,,,58504-5573,ND,SUPL2,121 E Sweet Ave,23430,DOMESTIC US SUPPLIER 2,,BISMARCK,Company,,0,0,,,0,,,,10/5/2017,BPINST,,,SUPL,,,,,,EN,,,,,,999 254 3623,,,,,,,,,,,,,,,,,,,,,,,,X,ND00000000,,,,,,,,,,,,,,,0,,,,,,,,,,12:00:00 AM,,,,,,,,,,,,,,,0,,,,0,,,,,,,,0.00,,,,,,,,,,,,,,,,,,,,,,,,,,,,,,,,,,,,,,,,,,,,,,,,,,,,0,,,0,,
17300003,US,Domestic US Supplier 3 (with ERS),,,,San Diego,,,,92128-6167,CA,SUPL3,18861 Caminito Cantilena,24407,DOMESTIC US SUPPLIER 3 (W,,SAN DIEGO,Company,,0,0,,,0,,,,10/8/2018,BPINST,,,SUPL,,,,,,EN,,,,,,619 699 8924,,,,,,,,,,,,,,,,,,,,,,,,X,CA00000000,,,,,X,,,,,,,,,,0,,,,,,,,,,12:00:00 AM,,,,,,,,,,,,,,,0,,,,0,,,,,,,,0.00,,,,,,,,,,,,,,,,,,,,,,,,,,,,,,,,,,,,,,,,,,,,,,,,,,,,0,,,0,,
17300006,US,Domestic US Supplier 6 (Returns),,,,Wichita,,,,67202-3723,KS,SUPLUS6,100 S Main St,23470,DOMESTIC US SUPPLIER 6 (R,,WICHITA,Company,,0,0,,,0,,,,10/5/2017,BPINST,,,SUPL,17100006,,,,,EN,,,,,,999-123-5632,,,,,,,,,,,,,,,,,,,,,,,,X,KS00000000,,,,,,,,,,,,,,,0,,,,,,,,,,12:00:00 AM,,,,,,,,,,,,,,,0,,,,0,,,,,,,,0.00,,,,,,,,,,,,,,,,,,,,,,,,,,,,,,,,,,,,,,,,,,,,,,,,,,,,0,,,0,,
17300007,US,Domestic US Subcontractor A,,,,Blacksburg,,,,24060-7206,VA,SUPL-SUBCO,200 GILES RD,23502,DOMESTIC US SUBCONTRACTOR,,BLACKSBURG,Company,,0,0,,,0,,,,10/5/2017,BPINST,,,SUPL,17100007,,,,,EN,,,,,,999 326 5303,,,,,,,,,,,,,,,,,,,,,,,,X,VA00000000,,,,,,,,,,,,,,,0,,,,,,,,,,12:00:00 AM,,,,,,,,,,,,,,,0,,,,0,,,,,,,,0.00,,,,,,,,,,,,,,,,,,,,,,,,,,,,,,,,,,,,,,,,,,,,,,,,,,,,0,,,0,,
17300010,US,Domestic US Supplier 10,,,,Muncie,,,,47305-2757,IN,SUPL10,198 S Ohio Ave,24418,DOMESTIC US SUPPLIER 10,,MUNCIE,Company,,0,0,,,0,,,,10/9/2018,BPINST,,,SUPL,17300010,,,,,EN,,,,,,999 856 4321,,,,,,,,,,,,,,,,,,,,,,,,X,IN00000000,,,,0000000001,,,,,,,,,,,0,,,,,,,,,,12:00:00 AM,,,,,,,,,,,,,,,0,,,,0,,,,,,,,0.00,,,,,,,,,,,,,,,,,,,,,,,,,,,,,,,,,,,,,,,,,,,,,,,,,,,,0,,,0,,
17300030,US,Domestic US Supplier 1099M Withhold,,,,Boston,,,,02116-5404,MA,SUPL30,1 Piedmont St,23450,DOMESTIC US SUPPLIER 1099,,BOSTON,Company,,0,0,,,0,,,,10/5/2017,BPINST,,,SUPL,,,,,,EN,,98-1234567,,,,999 326 5303,,,,,,,,,,,,,,,,,,,,,,,,X,MA00000000,,,,,,,,,,,,1234567891,00K2RP.999999.SL.276,X,0,,,,,,,,,,12:00:00 AM,,,,,,,,,,,,,,,0,,,,0,,,,,,,,0.00,,,,,,,,,,,,,,,,,,,,,,,,,,,,,,,,,,,,,,,,,,,,,,,,,,,,0,,,0,,
17300031,DE,Foreign US Supplier (DE) 1042S With,,,,Berlin,,,,12627,BE,SUPL31,Stollberger Str. 5,23452,FOREIGN US SUPPLIER (DE),,BERLIN,Company,,0,0,,,0,,,,10/5/2017,BPINST,,,SUPL,,,,,,DE,,,,,,09990 20123-0,,,,,,,,,,,,,,,,,,,,,,,,X,,,,,,,,,,,,,,,X,0,,,,,,,,,,12:00:00 AM,,,,,,,,,,,,,,,0,,,,0,,,,,,,,0.00,,,,,,,,,,,,,,,,,,,,,,,,,,,,,,,,,,,,,,,,,,,,,,,,,,,,0,,,0,,
17300032,US,Domestic US Supplier 1099G Withhold,,,,Boston,,,,02116-5404,MA,SUPL32,2 Stuart St,23454,DOMESTIC US SUPPLIER 1099,,BOSTON,Company,,0,0,,,0,,,,10/5/2017,BPINST,,,SUPL,,,,,,EN,,98-1234568,,,,999 326 5304,,,,,,,,,,,,,,,,,,,,,,,,X,MA00000000,,,,,,,,,,,,,,X,0,,,,,,,,,,12:00:00 AM,,,,,,,,,,,,,,,0,,,,0,,,,,,,,0.00,,,,,,,,,,,,,,,,,,,,,,,,,,,,,,,,,,,,,,,,,,,,,,,,,,,,0,,,0,,
17300033,US,Domestic US Supplier 1099INT Withho,,,,Boston,,,,02116-5404,MA,SUPL33,3 Winchester St,23456,DOMESTIC US SUPPLIER 1099,,BOSTON,Company,,0,0,,,0,,,,10/5/2017,BPINST,,,SUPL,,,,,,EN,,98-1234569,,,,999 326 5305,,,,,,,,,,,,,,,,,,,,,,,,X,MA00000000,,,,,,,,,,,,,,X,0,,,,,,,,,,12:00:00 AM,,,,,,,,,,,,,,,0,,,,0,,,,,,,,0.00,,,,,,,,,,,,,,,,,,,,,,,,,,,,,,,,,,,,,,,,,,,,,,,,,,,,0,,,0,,
17300034,US,Domestic US Supplier 1099K Withhold,,,,Boston,,,,02116-5404,MA,SUPL34,6 Melrose St,23458,DOMESTIC US SUPPLIER 1099,,BOSTON,Company,,0,0,,,0,,,,10/5/2017,BPINST,,,SUPL,,,,,,EN,,98-1234570,,,,999 326 5306,,,,,,,,,,,,,,,,,,,,,,,,X,MA00000000,,,,,,,,,,,,,,X,0,,,,,,,,,,12:00:00 AM,,,,,,,,,,,,,,,0,,,,0,,,,,,,,0.00,,,,,,,,,,,,,,,,,,,,,,,,,,,,,,,,,,,,,,,,,,,,,,,,,,,,0,,,0,,
17300080,US,Domestic US Supplier 80 (Ariba Netw,,,,Newark,,,,19725-0001,DE,SUPL80,114 Old Porter Rd,23490,DOMESTIC US SUPPLIER 80 (,,NEWARK,Company,,0,0,,,0,,,,10/5/2017,BPINST,,,SUPL,,,,,,EN,,,,,,999 256 2365,,,,,,,,,,,,,,,,,,,,,,,,X,DE00000000,,,,,,,,,,,,,,,0,,,,,,,,,,12:00:00 AM,,,,,,,,,,,,,,,0,,,,0,,,,,,,,0.00,,,,,,,,,,,,,,,,,,,,,,,,,,,,,,,,,,,,,,,,,,,,,,,,,,,,0,,,0,,
17300081,US,US Food,,,,New Smyrna Beach,,,,32168-5867,FL,US FOOD,703 South Street,23492,US FOOD,,NEW SMYRNA BEACH,,,0,0,,,0,,,,10/5/2017,BPINST,,,SUPL,,,,,,EN,,,,,,999 256 2981,,,,,,,,,,,,,,,,,,,,,,,,X,FL00000000,,,,,,,,,,,,,,,0,,,,,,,,,,12:00:00 AM,,,,,,,,,,,,,,,0,,,,0,,,,,,,,0.00,,,,,,,,,,,,,,,,,,,,,,,,,,,,,,,,,,,,,,,,,,,,,,,,,,,,0,,,0,,
17300082,US,Domestic US Supplier 82 (Ariba Sour,,,,Palo Alto,,,,94304-1112,CA,SUPL82,1501 Page Mill Road,23494,DOMESTIC US SUPPLIER 82 (,,PALO ALTO,Company,,0,0,,,0,,,,10/5/2017,BPINST,,,SUPL,,,,,,EN,,,,,,999 256 2382,,,,,,,,,,,,,,,,,,,,,,,,X,CA00000000,,,,,,,,,,,,,,,0,,,,,,,,,,12:00:00 AM,,,,,,,,,,,,,,,0,,,,0,,,,,,,,0.00,,,,,,,,,,,,,,,,,,,,,,,,,,,,,,,,,,,,,,,,,,,,,,,,,,,,0,,,0,,
17300083,US,Domestic US Supplier 83 (Ariba Sour,,,,Albuquerque,,,,87110-5409,NM,SUPL83,2155 Louisiana Boulevard N.E.,23496,DOMESTIC US SUPPLIER 83 (,,ALBUQUERQUE,Company,,0,0,,,0,,,,10/5/2017,BPINST,,,SUPL,,,,,,EN,,,,,,999 256 2383,,,,,,,,,,,,,,,,,,,,,,,,X,NM00000000,,,,,,,,,,,,,,,0,,,,,,,,,,12:00:00 AM,,,,,,,,,,,,,,,0,,,,0,,,,,,,,0.00,,,,,,,,,,,,,,,,,,,,,,,,,,,,,,,,,,,,,,,,,,,,,,,,,,,,0,,,0,,
17300090,US,US Food and Drugs Administration,,,,El Dorado,,,,71731-7000,AR,US FOODS A,300 E Reache Street,23504,US FOOD AND DRUGS ADMINIS,,EL DORADO,,,0,0,,,0,,,,10/5/2017,BPINST,,,SUPL,,,,,,EN,,,,,,999 256 6677,,,,,,,,,,,,,,,,,,,,,,,,X,AR00000000,,,,,,,,,,,,,,,0,,,,,,,,,,12:00:00 AM,,,,,,,,,,,,,,,0,,,,0,,,,,,,,0.00,,,,,,,,,,,,,,,,,,,,,,,,,,,,,,,,,,,,,,,,,,,,,,,,,,,,0,,,0,,
17300095,US,US - Sales Commission Recipient,,,,Muncie,,,,47305-2757,IN,SUPL10,198 S Ohio Ave,24420,US - SALES COMMISSION REC,,MUNCIE,Company,,0,0,,,0,,,,10/9/2018,BPINST,,,SUPL,,,,,,EN,,,,,,999 856 4321,,,,,,,,,,,,,,,,,,,,,,,,X,IN00000000,,,,,,,,,,,,,,,0,,,,,,,,,,12:00:00 AM,,,,,,,,,,,,,,,0,,,,0,,,,,,,,0.00,,,,,,,,,,,,,,,,,,,,,,,,,,,,,,,,,,,,,,,,,,,,,,,,,,,,0,,,0,,
17300273,US,Domestic US Supplier CPD,,,,San Diego,,,,92128-1096,CA,SUP1T,18971 Caminito Cantilena,23432,DOMESTIC US SUPPLIER CPD,,SAN DIEGO,Company,,0,0,,,0,,,,10/5/2017,BPINST,,,CPD,,,,,,EN,,,,,,858 856 4871,,,,,X,,,,,,,,,,,,,,,,,,,X,CA00000000,,,,,,,,,,,,,,,0,,,,,,,,,,12:00:00 AM,,,,,,,,,,,,,,,0,,,,0,,,,,,,,0.00,,,,,,,,,,,,,,,,,,,,,,,,,,,,,,,,,,,,,,,,,,,,,,,,,,,,0,,,0,,
17386001,US,US TM Carrier1,,,,PITTSBURGH,,,,96332,PA,CARRTM1,Windgap Ave,24076,US TM CARRIER1,,PITTSBURGH,,,0,0,,,0,,,,1/23/2018,S4H_TM_TP,,,SUPL,,,,,,EN,,,,,,4122645632,,,,,,,,,,,,,,,,,,,,,,,,X,,,,,,,,,,,,,,,,0,,,,,,,,,,12:00:00 AM,,,,,,,,,,,,,,,0,,,,0,,,,,,,,0.00,,,,,,,,,,,,,,,,,,,,,,,,,,,,,,,,,,,,,,,,,,,,,,,,,,,,0,,,0,,
17386002,US,US TM Carrier2,,,,Trenton,,,,94040,NJ,CARRTM2,Durand Ave,24094,US TM CARRIER2,,TRENTON,,,0,0,,,0,,,,1/23/2018,S4H_TM_TP,,,SUPL,,,,,,EN,,,,,,6094135511,,,,,,,,,,,,,,,,,,,,,,,,X,,,,,,,,,,,,,,,,0,,,,,,,,,,12:00:00 AM,,,,,,,,,,,,,,,0,,,,0,,,,,,,,0.00,,,,,,,,,,,,,,,,,,,,,,,,,,,,,,,,,,,,,,,,,,,,,,,,,,,,0,,,0,,
17386003,US,US TM Carrier3,,,,Reading,,,,94040,PA,CARRTM3,Spring Street,24096,US TM CARRIER3,,READING,,,0,0,,,0,,,,1/23/2018,S4H_TM_TP,,,SUPL,,,,,,EN,,,,,,6102258564,,,,,,,,,,,,,,,,,,,,,,,,X,,,,,,,,,,,,,,,,0,,,,,,,,,,12:00:00 AM,,,,,,,,,,,,,,,0,,,,0,,,,,,,,0.00,,,,,,,,,,,,,,,,,,,,,,,,,,,,,,,,,,,,,,,,,,,,,,,,,,,,0,,,0,,
17386004,US,US Foods Inc,,,,Jersey City,,,,94040,NJ,US FOODS I,Port Jersey Blvd,24098,US FOODS INC,,JERSEY CITY,,,0,0,,,0,,,,1/23/2018,S4H_TM_TP,,,SUPL,,,,,,EN,,,,,,2018451324,,,,,,,,,,,,,,,,,,,,,,,,X,,,,,,,,,,,,,,,,0,,,,,,,,,,12:00:00 AM,,,,,,,,,,,,,,,0,,,,0,,,,,,,,0.00,,,,,,,,,,,,,,,,,,,,,,,,,,,,,,,,,,,,,,,,,,,,,,,,,,,,0,,,0,,
17386005,US,Domestic US TM Supplier 005,,,,San Francisco,,,,94122,CA,SUPLTM1,4888 Lincoln Way,24643,DOMESTIC US TM SUPPLIER 0,,SAN FRANCISCO,Company,,0,0,,,0,,,,11/13/2018,S4H_TM_MH,,,SUPL,,,,,,EN,,,,,,415-264-5632,,,,,,,,,,,,,,,,,,,,,,,,X,,,,,,,,,,,,,,,,0,,,,,,,,,,12:00:00 AM,,,,,,,,,,,,,,,0,,,,0,,,,,,,,0.00,,,,,,,,,,,,,,,,,,,,,,,,,,,,,,,,,,,,,,,,,,,,,,,,,,,,0,,,0,,
9000000022,DE,Timo Team Member,,,,00000,,,,,,TEAM MEMBE,,24618,TIMO TEAM MEMBER,,00000,Mr.,,0,0,,,0,,,,11/7/2018,BPINST,,,0001,,,,,,EN,,,,,,,,,,,,,,,,X,,,1/1/1978,1,,,,,,,,,,X,,,,,,,,,,,,,,,,0,,,,,,,,,,12:00:00 AM,,,,,,,,,,,,,,,0,,,,0,,,,,,,,0.00,,,,,,,,,,,,,,,,,,,,,,,,,,,,,,,,,,,,,,,,,,,,,,,,,,,,0,,,0,,
9980000000,US,doe jean,,,,Chicago,,,,60007,IL,JEAN,Swift Rd,23797,DOE JEAN,,CHICAGO,Mr.,,0,0,,,0,,,,10/17/2017,BPINST,,,EMPL,,,,,,EN,,,,,,,,,,,,,,,,X,,,10/9/1981,1,,,,,,,,,,X,,,,,,,,,,,,,,,,0,,,,,,,,,,12:00:00 AM,,,,,,,,,,,,,,,0,,,,0,,,,,,,,0.00,,,,,,,,,,,,,,,,,,,,,,,,,,,,,,,,,,,,,,,,,,,,,,,,,,,,0,,,0,,
9980000010,US,Ocean billy,,,,Palo Alto,,,,94304,CA,BILLY,3475 deer creek road,23891,OCEAN BILLY,,PALO ALTO,Mr.,,0,0,,,0,,,,11/1/2017,BPINST,,,EMPL,,,,,,EN,,,,,,,,,,,,,,,,X,,,9/6/1989,1,,,,,,,,,,X,,,,,,,,,,,,,,,,0,,,,,,,,,,12:00:00 AM,,,,,,,,,,,,,,,0,,,,0,,,,,,,,0.00,,,,,,,,,,,,,,,,,,,,,,,,,,,,,,,,,,,,,,,,,,,,,,,,,,,,0,,,0,,
9980000020,US,Kool Josephine,,,,Palo ALto,,,,94304,CA,JOSEPHINE,666 hail street,23925,KOOL JOSEPHINE,,PALO ALTO,Ms.,,0,0,,,0,,,,11/3/2017,BPINST,,,EMPL,,,,,,EN,,,,,,,,,,,,,,,,X,,,9/6/1989,2,,,,,,,,,,X,,,,,,,,,,,,,,,,0,,,,,,,,,,12:00:00 AM,,,,,,,,,,,,,,,0,,,,0,,,,,,,,0.00,,,,,,,,,,,,,,,,,,,,,,,,,,,,,,,,,,,,,,,,,,,,,,,,,,,,0,,,0,,
9980000030,DE,Franz Musterman,,,,Walldorf,,,,69190,,MUSTERMAN,,23947,FRANZ MUSTERMAN,,WALLDORF,Mr.,,0,0,,,0,,,,11/9/2017,S4H_MM,,,EMPL,,,,,,EN,,,,,,,,,,,,,,,,X,,,1/1/1970,1,,,,,,,,,,X,,,,,,,,,,,,,,,,0,,,,,,,,,,12:00:00 AM,,,,,,,,,,,,,,,0,,,,0,,,,,,,,0.00,,,,,,,,,,,,,,,,,,,,,,,,,,,,,,,,,,,,,,,,,,,,,,,,,,,,0,,,0,,
9980000064,US,Matthew Carter,,,,Palo Alto,,,,94304,CA,CARTER,Hillview Avenue 4510,24289,MATTHEW CARTER,,PALO ALTO,Mr.,,0,0,,,0,,,,3/28/2018,BPINST,,,EMPL,,,,,,EN,,,,,,,,,,,,,,,,X,,,11/19/1969,1,,,,,,,,,,X,,,,,,,,,,,,,,,,0,,,,,,,,,,12:00:00 AM,,,,,,,,,,,,,,,0,,,,0,,,,,,,,0.00,,,,,,,,,,,,,,,,,,,,,,,,,,,,,,,,,,,,,,,,,,,,,,,,,,,,0,,,0,,
9980000065,US,Barbara Lee,,,,Palo Alto,,,,94304,CA,LEE,Hillview Avenue 4510,24295,BARBARA LEE,,PALO ALTO,Ms.,,0,0,,,0,,,,3/28/2018,BPINST,,,EMPL,,,,,,EN,,,,,,,,,,,,,,,,X,,,5/5/1979,2,,,,,,,,,,X,,,,,,,,,,,,,,,,0,,,,,,,,,,12:00:00 AM,,,,,,,,,,,,,,,0,,,,0,,,,,,,,0.00,,,,,,,,,,,,,,,,,,,,,,,,,,,,,,,,,,,,,,,,,,,,,,,,,,,,0,,,0,,
9980000066,US,Ryan Reval,,,,Palo Alto,,,,94304,CA,REVAL,Hillview Avenue 4510,24305,RYAN REVAL,,PALO ALTO,Mr.,,0,0,,,0,,,,3/29/2018,BPINST,,,EMPL,,,,,,EN,,,,,,,,,,,,,,,,X,,,5/6/1974,1,,,,,,,,,,X,,,,,,,,,,,,,,,,0,,,,,,,,,,12:00:00 AM,,,,,,,,,,,,,,,0,,,,0,,,,,,,,0.00,,,,,,,,,,,,,,,,,,,,,,,,,,,,,,,,,,,,,,,,,,,,,,,,,,,,0,,,0,,
9980000067,US,Ann Anderson,,,,Palo Alto,,,,94304,CA,ANDERSON,Hillview Avenue 4510,24315,ANN ANDERSON,,PALO ALTO,Ms.,,0,0,,,0,,,,3/29/2018,BPINST,,,EMPL,,,,,,EN,,,,,,,,,,,,,,,,X,,,2/3/1988,2,,,,,,,,,,X,,,,,,,,,,,,,,,,0,,,,,,,,,,12:00:00 AM,,,,,,,,,,,,,,,0,,,,0,,,,,,,,0.00,,,,,,,,,,,,,,,,,,,,,,,,,,,,,,,,,,,,,,,,,,,,,,,,,,,,0,,,0,,
9980000068,US,Peter Best,,,,Palo Alto,,,,94304,CA,BEST,Hillview Avenue 4510,24325,PETER BEST,,PALO ALTO,Mr.,,0,0,,,0,,,,3/29/2018,BPINST,,,EMPL,,,,,,EN,,,,,,,,,,,,,,,,X,,,5/19/1983,1,,,,,,,,,,X,,,,,,,,,,,,,,,,0,,,,,,,,,,12:00:00 AM,,,,,,,,,,,,,,,0,,,,0,,,,,,,,0.00,,,,,,,,,,,,,,,,,,,,,,,,,,,,,,,,,,,,,,,,,,,,,,,,,,,,0,,,0,,
9980000070,US,doe jean,,,,Chicago,,,,60007,IL,JEAN,Swift Rd,24369,DOE JEAN,,CHICAGO,Mr.,,0,0,,,0,,,,4/6/2018,DDIC,,,EMPL,,,,,,EN,,,,,,,,,,,,,,,,X,,,10/9/1981,1,,,,,,,,,,X,,,,,,,,,,,,,,,,0,,,,,,,,,,12:00:00 AM,,,,,,,,,,,,,,,0,,,,0,,,,,,,,0.00,,,,,,,,,,,,,,,,,,,,,,,,,,,,,,,,,,,,,,,,,,,,,,,,,,,,0,,,0,,
9980000071,US,Barbara Lee,,,,Palo Alto,,,,94304,CA,LEE,Hillview Avenue 4510,24373,BARBARA LEE,,PALO ALTO,Ms.,,0,0,,,0,,,,4/6/2018,DDIC,,,EMPL,,,,,,EN,,,,,,,,,,,,,,,,X,,,5/5/1979,2,,,,,,,,,,X,,,,,,,,,,,,,,,,0,,,,,,,,,,12:00:00 AM,,,,,,,,,,,,,,,0,,,,0,,,,,,,,0.00,,,,,,,,,,,,,,,,,,,,,,,,,,,,,,,,,,,,,,,,,,,,,,,,,,,,0,,,0,,
9980000072,US,Matthew Carter,,,,Palo Alto,,,,94304,CA,CARTER,Hillview Avenue,24377,MATTHEW CARTER,,PALO ALTO,Mr.,,0,0,,,0,,,,4/6/2018,DDIC,,,EMPL,,,,,,EN,,,,,,,,,,,,,,,,X,,,11/19/1969,1,,,,,,,,,,X,,,,,,,,,,,,,,,,0,,,,,,,,,,12:00:00 AM,,,,,,,,,,,,,,,0,,,,0,,,,,,,,0.00,,,,,,,,,,,,,,,,,,,,,,,,,,,,,,,,,,,,,,,,,,,,,,,,,,,,0,,,0,,
9980000073,US,Ryan Reval,,,,Palo Alto,,,,94304,CA,REVAL,Hillview Avenue 4510,24381,RYAN REVAL,,PALO ALTO,Mr.,,0,0,,,0,,,,4/6/2018,DDIC,,,EMPL,,,,,,EN,,,,,,,,,,,,,,,,X,,,5/6/1974,1,,,,,,,,,,X,,,,,,,,,,,,,,,,0,,,,,,,,,,12:00:00 AM,,,,,,,,,,,,,,,0,,,,0,,,,,,,,0.00,,,,,,,,,,,,,,,,,,,,,,,,,,,,,,,,,,,,,,,,,,,,,,,,,,,,0,,,0,,
9980000074,US,Ann Anderson,,,,Palo Alto,,,,94304,CA,ANDERSON,Hillview Avenue 4510,24385,ANN ANDERSON,,PALO ALTO,Ms.,,0,0,,,0,,,,4/6/2018,DDIC,,,EMPL,,,,,,EN,,,,,,,,,,,,,,,,X,,,2/3/1988,2,,,,,,,,,,X,,,,,,,,,,,,,,,,0,,,,,,,,,,12:00:00 AM,,,,,,,,,,,,,,,0,,,,0,,,,,,,,0.00,,,,,,,,,,,,,,,,,,,,,,,,,,,,,,,,,,,,,,,,,,,,,,,,,,,,0,,,0,,
9980000075,US,Peter Best,,,,Palo Alto,,,,94304,CA,BEST,Hillview Avenue 4510,24389,PETER BEST,,PALO ALTO,Mr.,,0,0,,,0,,,,4/6/2018,DDIC,,,EMPL,,,,,,EN,,,,,,,,,,,,,,,,X,,,5/19/1985,1,,,,,,,,,,X,,,,,,,,,,,,,,,,0,,,,,,,,,,12:00:00 AM,,,,,,,,,,,,,,,0,,,,0,,,,,,,,0.00,,,,,,,,,,,,,,,,,,,,,,,,,,,,,,,,,,,,,,,,,,,,,,,,,,,,0,,,0,,
9980000081,DE,Paul Portfolio Manager,,,,00000,,,,,,PORTFOLIO,,24610,PAUL PORTFOLIO MANAGER,,00000,Mr.,,0,0,,,0,,,,11/7/2018,BPINST,,,EMPL,,,,,,EN,,,,,,,,,,,,,,,,X,,,1/1/1980,1,,,,,,,,,,X,,,,,,,,,,,,,,,,0,,,,,,,,,,12:00:00 AM,,,,,,,,,,,,,,,0,,,,0,,,,,,,,0.00,,,,,,,,,,,,,,,,,,,,,,,,,,,,,,,,,,,,,,,,,,,,,,,,,,,,0,,,0,,
9980000090,DE,Peter Project Manager,,,,00000,,,,,,PROJECT MA,,24623,PETER PROJECT MANAGER,,00000,Mr.,,0,0,,,0,,,,11/7/2018,BPINST,,,EMPL,,,,,,EN,,,,,,,,,,,,,,,,X,,,11/7/1980,1,,,,,,,,,,X,,,,,,,,,,,,,,,,0,,,,,,,,,,12:00:00 AM,,,,,,,,,,,,,,,0,,,,0,,,,,,,,0.00,,,,,,,,,,,,,,,,,,,,,,,,,,,,,,,,,,,,,,,,,,,,,,,,,,,,0,,,0,,
9980000091,DE,Tina Team Member,,,,00000,,,,,,TEAM MEMBE,,24607,TINA TEAM MEMBER,,00000,Ms.,,0,0,,,0,,,,11/7/2018,BPINST,,,EMPL,,,,,,EN,,,,,,,,,,,,,,,,X,,,7/7/1980,2,,,,,,,,,,X,,,,,,,,,,,,,,,,0,,,,,,,,,,12:00:00 AM,,,,,,,,,,,,,,,0,,,,0,,,,,,,,0.00,,,,,,,,,,,,,,,,,,,,,,,,,,,,,,,,,,,,,,,,,,,,,,,,,,,,0,,,0,,
9980000092,DE,Robert Resource Manager,,,,00000,,,,,,RESOURCE M,,24626,ROBERT RESOURCE MANAGER,,00000,Mr.,,0,0,,,0,,,,11/7/2018,BPINST,,,EMPL,,,,,,EN,,,,,,,,,,,,,,,,X,,,10/17/1973,1,,,,,,,,,,X,,,,,,,,,,,,,,,,0,,,,,,,,,,12:00:00 AM,,,,,,,,,,,,,,,0,,,,0,,,,,,,,0.00,,,,,,,,,,,,,,,,,,,,,,,,,,,,,,,,,,,,,,,,,,,,,,,,,,,,0,,,0,,
9980000100,US,Priyanka mahajan,,,,Chicago,,,,60007,IL,MAHAJAN,USA Street 01,25309,PRIYANKA MAHAJAN,,CHICAGO,,,0,0,,,0,,,,2/26/2020,BPINST,,,EMPL,,,,,,EN,,,,,,,,,,,,,,,,X,,,1/1/1990,,,,,,,,,,,X,,,,,,,,,,,,,,,,0,,,,,,,,,,12:00:00 AM,,,,,,,,,,,,,,,0,,,,0,,,,,,,,0.00,,,,,,,,,,,,,,,,,,,,,,,,,,,,,,,,,,,,,,,,,,,,,,,,,,,,0,,,0,,
9980000110,DE,Manik Dhakate,,,,Walldorf,,,,69190,,DHAKATE,Dietmar-Hopp-Allee 16,25336,MANIK DHAKATE,,WALLDORF,Mr.,,0,0,,,0,,,,4/17/2020,BPINST,,,EMPL,,,,,,DE,,,,,,,,,,,,,,,,X,,,1/1/1980,1,,,,,,,,,,X,,,,,,,,,,,,,,,,0,,,,,,,,,,12:00:00 AM,,,,,,,,,,,,,,,0,,,,0,,,,,,,,0.00,,,,,,,,,,,,,,,,,,,,,,,,,,,,,,,,,,,,,,,,,,,,,,,,,,,,0,,,0,,
9980000111,DE,Pawan Jha,,,,Walldorf,,,,69190,,JHA,Dietmar-Hopp-Allee 16,25356,PAWAN JHA,,WALLDORF,Mr.,,0,0,,,0,,,,4/17/2020,BPINST,,,EMPL,,,,,,DE,,,,,,,,,,,,,,,,X,,,5/1/1979,1,,,,,,,,,,X,,,,,,,,,,,,,,,,0,,,,,,,,,,12:00:00 AM,,,,,,,,,,,,,,,0,,,,0,,,,,,,,0.00,,,,,,,,,,,,,,,,,,,,,,,,,,,,,,,,,,,,,,,,,,,,,,,,,,,,0,,,0,,
9980000120,US,Kerry Torres,,,,State College,,,,16901,PA,TORRES,2004 University Ave,26549,KERRY TORRES,,STATE COLLEGE,,,0,0,,,0,,,,2/26/2024,HMOHAMMAD,,,EMPL,,,,,,EN,,,,,,,,,,,,,,,,X,,,3/20/1997,,,,,,,,,,,X,,,,,,,,,,,,,,,,0,,,,,,,,,,12:00:00 AM,,,,,,,,,,,,,,,0,,,,0,,,,,,,,0.00,,,,,,,,,,,,,,,,,,,,,,,,,,,,,,,,,,,,,,,,,,,,,,,,,,,,0,,,0,,
ABC,US,BPINST,,,,Palo Alto,,,,,,BPINST,,25188,BPINST,,PALO ALTO,Mr.,,0,0,,,0,,,,11/13/2019,BPINST,,,0001,,,,,,EN,,,,,,,,,,,,,,,,X,,,1/1/1999,1,,,,,,,X,X,,X,,,,,,,,,,,,,,,,0,,,,,,,,,,12:00:00 AM,,,,,,,,,,,,,,,0,,,,0,,,,,,,,0.00,,,,,,,,,,,,,,,,,,,,,,,,,,,,,,,,,,,,,,,,,,,,,,,,,,,,0,,,0,,
BP1010,DE,WERK 1,,,,Walldorf,,,,69190,BW,EWM,Neurottstr. 16,23837,WERK 1,,WALLDORF,Company,,0,0,,,0,,,,10/18/2017,BPINST,,,SUPL,,,,,,DE,,,,,,09990 3689-0,,,,,,,,,,,,,,,,,,,,1010,,,,X,,,,,,,,,,,,,,,,0,,,,,,,,,,12:00:00 AM,,,,,,,,,,,,,,,0,,,,0,,,,,,,,0.00,,,,,,,,,,,,,,,,,,,,,,,,,,,,,,,,,,,,,,,,,,,,,,,,,,,,0,,,0,,
BP1710,US,Plant 1,,,,Palo Alto,,,,94304,CA,EWM,3475 Deer Creek,23523,PLANT 1,,PALO ALTO,Company,,0,0,,,0,,,,10/5/2017,BPINST,,,SUPL,,,,,,DE,,,,,,999 555 6727,,,,,,,,,,,,,,,,,,,,1710,,,,X,,,,,,,,,,,,,,,,0,,,,,,,,,,12:00:00 AM,,,,,,,,,,,,,,,0,,,,0,,,,,,,,0.00,,,,,,,,,,,,,,,,,,,,,,,,,,,,,,,,,,,,,,,,,,,,,,,,,,,,0,,,0,,
EWM10-SU01,DE,EWM-Lieferant 01,,,,Berlin,,,,13089,BE,EWM,Blankenburger Stra e 8,23826,EWM-LIEFERANT 01,,BERLIN,Company,,0,0,,,0,,,,10/18/2017,BPINST,,,SUPL,,,,,,DE,,,,,,09990 361-0,,,,,,,,,,,,,,,,,,,,,,,,X,,,,,,,,,,,,,,,,0,,,,,,,,,,12:00:00 AM,,,,,,,,,,,,,,,0,,,,0,,,,,,,,0.00,,,,,,,,,,,,,,,,,,,,,,,,,,,,,,,,,,,,,,,,,,,,,,,,,,,,0,,,0,,
EWM17-SU01,US,EWM Supplier 01,,,,Atlanta,,,,30344,GA,EWM,100 Main Street,23514,EWM SUPPLIER 01,,ATLANTA,Company,,0,0,,,0,,,,10/5/2017,BPINST,,,SUPL,,,,,,EN,,,,,,404 456 7890,,,,,,,,,,,,,,,,,,,,,,,,X,GA00000000,,,,,,,,,,,,,,,0,,,,,,,,,,12:00:00 AM,,,,,,,,,,,,,,,0,,,,0,,,,,,,,0.00,,,,,,,,,,,,,,,,,,,,,,,,,,,,,,,,,,,,,,,,,,,,,,,,,,,,0,,,0,,
USSU-VSF01,US,EV Parts Inc.,,,,New York,NEW YORK,,,10029,NY,VSF01,12 Madisson Avenue,23602,EV PARTS INC.,,NEW YORK,Company,,0,0,,,0,,,,10/7/2017,BPINST,,,LIEF,,,,,,EN,,,,,,,,,,,,,,,,,,,,,,,,,,,,,,X,NY00000000,,,,,,,,,,,,,,,0,,,,,,,,,,12:00:00 AM,,,,,,,,,,,,,,,0,,,,0,,,,,,,,0.00,,,,,,,,,,,,,,,,,,,,,,,,,,,,,,,,,,,,,,,,,,,,,,,,,,,,0,,,0,,
USSU-VSF02,US,WaveCrest Labs,,,,Norwalk,FAIRFIELD,,,06851,CT,VSF02,10 Newton Ave.,23603,WAVECREST LABS,,NORWALK,Company,,0,0,,,0,,,,10/7/2017,BPINST,,,LIEF,,,,,,EN,,,,,,,,,,,,,,,,,,,,,,,,,,,,,,X,CT00000000,,,,,,,,,,,,,,,0,,,,,,,,,,12:00:00 AM,,,,,,,,,,,,,,,0,,,,0,,,,,,,,0.00,,,,,,,,,,,,,,,,,,,,,,,,,,,,,,,,,,,,,,,,,,,,,,,,,,,,0,,,0,,
USSU-VSF03,US,VF Vendor 03,,,,CHICAGO,COOK,,,60611,IL,VSF03,,23604,VF VENDOR 03,,CHICAGO,Company,,0,0,,,0,,,,10/7/2017,BPINST,,,LIEF,,,,,,EN,,,,,,,,,,,,,,,,,,,,,,,,,,,,,,X,IL00000000,,,,,,,,,,,,,,,0,,,,,,,,,,12:00:00 AM,,,,,,,,,,,,,,,0,,,,0,,,,,,,,0.00,,,,,,,,,,,,,,,,,,,,,,,,,,,,,,,,,,,,,,,,,,,,,,,,,,,,0,,,0,,
USSU-VSF04,US,USSU-VSF04,,,,CHICAGO,COOK,,,60606,IL,VSF04,,23605,USSU-VSF04,,CHICAGO,Company,,0,0,,,0,,,,10/7/2017,BPINST,,,LIEF,,,,,,EN,,,,,,,,,,,,,,,,,,,,,,,,,,,,,,X,IL00000000,,,,,,,,,,,,,,,0,,,,,,,,,,12:00:00 AM,,,,,,,,,,,,,,,0,,,,0,,,,,,,,0.00,,,,,,,,,,,,,,,,,,,,,,,,,,,,,,,,,,,,,,,,,,,,,,,,,,,,0,,,0,,
USSU-VSF05,US,VF Vendor 05,,,,PHILADELPHIA,PHILADELPHIA,,,19141,PA,VSF05,,23606,VF VENDOR 05,,PHILADELPHIA,Company,,0,0,,,0,,,,10/7/2017,BPINST,,,LIEF,,,,,,EN,,,,,,,,,,,,,,,,,,,,,,,,,,,,,,X,PA00000000,,,,,,,,,,,,,,,0,,,,,,,,,,12:00:00 AM,,,,,,,,,,,,,,,0,,,,0,,,,,,,,0.00,,,,,,,,,,,,,,,,,,,,,,,,,,,,,,,,,,,,,,,,,,,,,,,,,,,,0,,,0,,
USSU-VSF06,US,VF Vendor 06,,,,NORWALK,FAIRFIELD,,,06851,CT,VSF06,,23607,VF VENDOR 06,,NORWALK,Company,,0,0,,,0,,,,10/7/2017,BPINST,,,LIEF,,,,,,EN,,,,,,,,,,,,,,,,,,,,,,,,,,,,,,X,CT00000000,,,,,,,,,,,,,,,0,,,,,,,,,,12:00:00 AM,,,,,,,,,,,,,,,0,,,,0,,,,,,,,0.00,,,,,,,,,,,,,,,,,,,,,,,,,,,,,,,,,,,,,,,,,,,,,,,,,,,,0,,,0,,
USSU-VSF07,US,VF Vendor 07,,,,PHILADELPHIA,PHILADELPHIA,,,19148,PA,VSF07,,23608,VF VENDOR 07,,PHILADELPHIA,Company,,0,0,,,0,,,,10/7/2017,BPINST,,,LIEF,,,,,,EN,,,,,,,,,,,,,,,,,,,,,,,,,,,,,,X,PA00000000,,,,,,,,,,,,,,,0,,,,,,,,,,12:00:00 AM,,,,,,,,,,,,,,,0,,,,0,,,,,,,,0.00,,,,,,,,,,,,,,,,,,,,,,,,,,,,,,,,,,,,,,,,,,,,,,,,,,,,0,,,0,,
USSU-VSF08,US,VF Vendor 08,,,,MANVILLE,SOMERSET,,,08835,NJ,VSF08,,23609,VF VENDOR 08,,MANVILLE,Company,,0,0,,,0,,,,10/7/2017,BPINST,,,LIEF,,,,,,EN,,,,,,,,,,,,,,,,,,,,,,,,,,,,,,X,NJ00000000,,,,,,,,,,,,,,,0,,,,,,,,,,12:00:00 AM,,,,,,,,,,,,,,,0,,,,0,,,,,,,,0.00,,,,,,,,,,,,,,,,,,,,,,,,,,,,,,,,,,,,,,,,,,,,,,,,,,,,0,,,0,,
USSU-VSF50,US,BeSafe Inc,,,,Atlanta,ATLANTA,,,30303,GA,USSU-VSF50,,23610,BESAFE INC,,ATLANTA,Mr.,,0,0,,,0,,,,10/7/2017,BPINST,,,LIEF,,,,,,EN,,,,,,,,,,,,,,,,X,,,,1,,,,,,,,,,X,GA00000000,,,,,,,,,,,,,,,0,,,,,,,,,,12:00:00 AM,,,,,,,,,,,,,,,0,,,,0,,,,,,,,0.00,,,,,,,,,,,,,,,,,,,,,,,,,,,,,,,,,,,,,,,,,,,,,,,,,,,,0,,,0,,
USSU-VSF51,US,MedInc,,,,DesMoines,POLK,,,50306,IA,USSU-VSF51,,23611,MEDINC,,DESMOINES,Mr.,,0,0,,,0,,,,10/7/2017,BPINST,,,LIEF,,,,,,EN,,,,,,,,,,,,,,,,X,,,,1,,,,,,,,,,X,IA00000000,,,,,,,,,,,,,,,0,,,,,,,,,,12:00:00 AM,,,,,,,,,,,,,,,0,,,,0,,,,,,,,0.00,,,,,,,,,,,,,,,,,,,,,,,,,,,,,,,,,,,,,,,,,,,,,,,,,,,,0,,,0,,
USSU-VSF52,US,RetireYou,,,,Boston,SUFFOLK,,,02109,MA,USSU-VSF52,,23612,RETIREYOU,,BOSTON,Mr.,,0,0,,,0,,,,10/7/2017,BPINST,,,LIEF,,,,,,EN,,,,,,,,,,,,,,,,X,,,,1,,,,,,,,,,X,MA00000000,,,,,,,,,,,,,,,0,,,,,,,,,,12:00:00 AM,,,,,,,,,,,,,,,0,,,,0,,,,,,,,0.00,,,,,,,,,,,,,,,,,,,,,,,,,,,,,,,,,,,,,,,,,,,,,,,,,,,,0,,,0,,
USSU-VSF53,US,"""KeepCurrent, Inc""",,,,Cleveland,CUYAHOGA,,,44114,OH,USSU-VSF53,,23613,"""KEEPCURRENT, INC""",,CLEVELAND,Mr.,,0,0,,,0,,,,10/7/2017,BPINST,,,LIEF,,,,,,EN,,,,,,,,,,,,,,,,X,,,,1,,,,,,,,,,X,OH00000000,,,,,,,,,,,,,,,0,,,,,,,,,,12:00:00 AM,,,,,,,,,,,,,,,0,,,,0,,,,,,,,0.00,,,,,,,,,,,,,,,,,,,,,,,,,,,,,,,,,,,,,,,,,,,,,,,,,,,,0,,,0,,
USSU-VSF54,US,"""FindYou, Inc""",,,,Minesota,HENNEPIN,,,55415,MN,USSU-VSF54,,23614,"""FINDYOU, INC""",,MINESOTA,Mr.,,0,0,,,0,,,,10/7/2017,BPINST,,,LIEF,,,,,,EN,,,,,,,,,,,,,,,,X,,,,1,,,,,,,,,,X,MN00000000,,,,,,,,,,,,,,,0,,,,,,,,,,12:00:00 AM,,,,,,,,,,,,,,,0,,,,0,,,,,,,,0.00,,,,,,,,,,,,,,,,,,,,,,,,,,,,,,,,,,,,,,,,,,,,,,,,,,,,0,,,0,,
USSU-VSF55,US,"""WholeInsure, Inc""",,,,Miami,MIAMI-DADE,,,33128,FL,USSU-VSF55,,23615,"""WHOLEINSURE, INC""",,MIAMI,Mr.,,0,0,,,0,,,,10/7/2017,BPINST,,,LIEF,,,,,,EN,,,,,,,,,,,,,,,,X,,,,1,,,,,,,,,,X,FL00000000,,,,,,,,,,,,,,,0,,,,,,,,,,12:00:00 AM,,,,,,,,,,,,,,,0,,,,0,,,,,,,,0.00,,,,,,,,,,,,,,,,,,,,,,,,,,,,,,,,,,,,,,,,,,,,,,,,,,,,0,,,0,,
USSU-VSF56,US,"""LabAudit, Inc""",,,,Pittsburgh,ALLEGHENY,,,15219,PA,USSU-VSF56,,23616,"""LABAUDIT, INC""",,PITTSBURGH,Mr.,,0,0,,,0,,,,10/7/2017,BPINST,,,LIEF,,,,,,EN,,,,,,,,,,,,,,,,X,,,,1,,,,,,,,,,X,PA00000000,,,,,,,,,,,,,,,0,,,,,,,,,,12:00:00 AM,,,,,,,,,,,,,,,0,,,,0,,,,,,,,0.00,,,,,,,,,,,,,,,,,,,,,,,,,,,,,,,,,,,,,,,,,,,,,,,,,,,,0,,,0,,
